{
  "body_keys": [
    "arm_length",
    "arm_pose_angle",
    "armscye_depth",
    "back_width",
    "bum_points",
    "bust",
    "bust_line",
    "bust_points",
    "crotch_hip_diff",
    "head_l",
    "height",
    "hip_back_width",
    "hip_inclination",
    "hips",
    "hips_line",
    "leg_circ",
    "neck_w",
    "shoulder_incl",
    "shoulder_w",
    "underbust",
    "vert_bust_line",
    "waist",
    "waist_back_width",
    "waist_line",
    "waist_over_bust_line",
    "wrist"
  ],
  "body_mean": [
    53.99842071533203,
    45.19464111328125,
    12.81403923034668,
    47.616943359375,
    17.887428283691406,
    99.48528289794922,
    25.675159454345703,
    16.818374633789062,
    8.867859840393066,
    26.356033325195312,
    172.11639404296875,
    54.762821197509766,
    9.983563423156738,
    103.29188537597656,
    23.390226364135742,
    60.14511489868164,
    18.894561767578125,
    21.641992568969727,
    36.4398193359375,
    86.04682159423828,
    21.092180252075195,
    83.77938079833984,
    38.89908981323242,
    36.924800872802734,
    40.63564682006836,
    16.56667709350586
  ],
  "body_std": [
    2.006456136703491,
    5.961097717285156,
    0.700465977191925,
    2.57384991645813,
    0.7774637937545776,
    5.00126314163208,
    0.8895583152770996,
    1.2671548128128052,
    0.747516930103302,
    0.719982922077179,
    5.189528942108154,
    2.181760787963867,
    1.9029182195663452,
    4.2483367919921875,
    0.900702178478241,
    2.5252013206481934,
    0.9893075227737427,
    1.3735215663909912,
    1.2732627391815186,
    5.631903171539307,
    0.8551654815673828,
    6.769296169281006,
    2.9228718280792236,
    1.1447383165359497,
    1.089097499847412,
    0.6571118235588074
  ]
}